ckt1q9gry5zgxe6hguajz2mdstxuznrg4gj97elpymk4cnz52c,ckb1qyqrvat5wwep9dkc9nwpf3525fzlvlsjdm2slnv5te
ckt1q9gry5zgulknfcehkfz369kr3nd85z9765g5cdgjvefvdn,ckb1qyqw0mf5uvmmy3gazmpcekn6pzld2y2vx5fqz6jyh9
ckt1q9gry5zgxe6hguajz2mdstxuznrg4gj97elpymk4cnz52c,ckb1qyqrvat5wwep9dkc9nwpf3525fzlvlsjdm2slnv5te
ckt1q9gry5zgxe6hguajz2mdstxuznrg4gj97elpymk4cnz52c,ckb1qyqrvat5wwep9dkc9nwpf3525fzlvlsjdm2slnv5te
ckt1q9gry5zgulknfcehkfz369kr3nd85z9765g5cdgjvefvdn,ckb1qyqw0mf5uvmmy3gazmpcekn6pzld2y2vx5fqz6jyh9
ckt1q9gry5zgxe6hguajz2mdstxuznrg4gj97elpymk4cnz52c,ckb1qyqrvat5wwep9dkc9nwpf3525fzlvlsjdm2slnv5te
ckt1q9gry5zgxe6hguajz2mdstxuznrg4gj97elpymk4cnz52c,ckb1qyqrvat5wwep9dkc9nwpf3525fzlvlsjdm2slnv5te
ckt1q9gry5zgulknfcehkfz369kr3nd85z9765g5cdgjvefvdn,ckb1qyqw0mf5uvmmy3gazmpcekn6pzld2y2vx5fqz6jyh9
ckt1q9gry5zgulknfcehkfz369kr3nd85z9765g5cdgjvefvdn,ckb1qyqw0mf5uvmmy3gazmpcekn6pzld2y2vx5fqz6jyh9
ckt1q9gry5zgulknfcehkfz369kr3nd85z9765g5cdgjvefvdn,ckb1qyqw0mf5uvmmy3gazmpcekn6pzld2y2vx5fqz6jyh9
ckt1q9gry5zgxe6hguajz2mdstxuznrg4gj97elpymk4cnz52c,ckb1qyqrvat5wwep9dkc9nwpf3525fzlvlsjdm2slnv5te
ckt1q9gry5zgulknfcehkfz369kr3nd85z9765g5cdgjvefvdn,ckb1qyqw0mf5uvmmy3gazmpcekn6pzld2y2vx5fqz6jyh9
ckt1q9gry5zgulknfcehkfz369kr3nd85z9765g5cdgjvefvdn,ckb1qyqw0mf5uvmmy3gazmpcekn6pzld2y2vx5fqz6jyh9
ckt1q9gry5zgulknfcehkfz369kr3nd85z9765g5cdgjvefvdn,ckb1qyqw0mf5uvmmy3gazmpcekn6pzld2y2vx5fqz6jyh9
ckt1q9gry5zgulknfcehkfz369kr3nd85z9765g5cdgjvefvdn,ckb1qyqw0mf5uvmmy3gazmpcekn6pzld2y2vx5fqz6jyh9
ckt1q9gry5zgxe6hguajz2mdstxuznrg4gj97elpymk4cnz52c,ckb1qyqrvat5wwep9dkc9nwpf3525fzlvlsjdm2slnv5te
ckt1q9gry5zgxe6hguajz2mdstxuznrg4gj97elpymk4cnz52c,ckb1qyqrvat5wwep9dkc9nwpf3525fzlvlsjdm2slnv5te
ckt1q9gry5zgxe6hguajz2mdstxuznrg4gj97elpymk4cnz52c,ckb1qyqrvat5wwep9dkc9nwpf3525fzlvlsjdm2slnv5te
ckt1q9gry5zgulknfcehkfz369kr3nd85z9765g5cdgjvefvdn,ckb1qyqw0mf5uvmmy3gazmpcekn6pzld2y2vx5fqz6jyh9
ckt1q9gry5zgulknfcehkfz369kr3nd85z9765g5cdgjvefvdn,ckb1qyqw0mf5uvmmy3gazmpcekn6pzld2y2vx5fqz6jyh9
ckt1q9gry5zgulknfcehkfz369kr3nd85z9765g5cdgjvefvdn,ckb1qyqw0mf5uvmmy3gazmpcekn6pzld2y2vx5fqz6jyh9
ckt1q9gry5zgqqq6e3ch6epyaeh0mkzwp3d7lw8yf2yulvvjtk,ckb1qyqqqqdvcutavsjwumhamp8qckl0hrjy4zwqzlw9pc
ckt1q9gry5zgulknfcehkfz369kr3nd85z9765g5cdgjvefvdn,ckb1qyqw0mf5uvmmy3gazmpcekn6pzld2y2vx5fqz6jyh9
ckt1q9gry5zgxe6hguajz2mdstxuznrg4gj97elpymk4cnz52c,ckb1qyqrvat5wwep9dkc9nwpf3525fzlvlsjdm2slnv5te
ckt1q9gry5zgxe6hguajz2mdstxuznrg4gj97elpymk4cnz52c,ckb1qyqrvat5wwep9dkc9nwpf3525fzlvlsjdm2slnv5te
ckt1q9gry5zgulknfcehkfz369kr3nd85z9765g5cdgjvefvdn,ckb1qyqw0mf5uvmmy3gazmpcekn6pzld2y2vx5fqz6jyh9
ckt1q9gry5zgulknfcehkfz369kr3nd85z9765g5cdgjvefvdn,ckb1qyqw0mf5uvmmy3gazmpcekn6pzld2y2vx5fqz6jyh9
ckt1q9gry5zgrtjfnf34emdw8uv7q8tmln3jscljv20y4skprh,ckb1qyqp4eye5c6uakhr7x0qr4alecegv0ex98jq7pa5zl
ckt1q9gry5zgrtjfnf34emdw8uv7q8tmln3jscljv20y4skprh,ckb1qyqp4eye5c6uakhr7x0qr4alecegv0ex98jq7pa5zl
ckt1q9gry5zgrtjfnf34emdw8uv7q8tmln3jscljv20y4skprh,ckb1qyqp4eye5c6uakhr7x0qr4alecegv0ex98jq7pa5zl
ckt1q9gry5zgrtjfnf34emdw8uv7q8tmln3jscljv20y4skprh,ckb1qyqp4eye5c6uakhr7x0qr4alecegv0ex98jq7pa5zl
ckt1q9gry5zgrtjfnf34emdw8uv7q8tmln3jscljv20y4skprh,ckb1qyqp4eye5c6uakhr7x0qr4alecegv0ex98jq7pa5zl
ckt1q9gry5zgrtjfnf34emdw8uv7q8tmln3jscljv20y4skprh,ckb1qyqp4eye5c6uakhr7x0qr4alecegv0ex98jq7pa5zl
ckt1q9gry5zgqqq6e3ch6epyaeh0mkzwp3d7lw8yf2yulvvjtk,ckb1qyqqqqdvcutavsjwumhamp8qckl0hrjy4zwqzlw9pc
ckt1q9gry5zgrtjfnf34emdw8uv7q8tmln3jscljv20y4skprh,ckb1qyqp4eye5c6uakhr7x0qr4alecegv0ex98jq7pa5zl
ckt1q9gry5zgrtjfnf34emdw8uv7q8tmln3jscljv20y4skprh,ckb1qyqp4eye5c6uakhr7x0qr4alecegv0ex98jq7pa5zl
ckt1q9gry5zgxe6hguajz2mdstxuznrg4gj97elpymk4cnz52c,ckb1qyqrvat5wwep9dkc9nwpf3525fzlvlsjdm2slnv5te
ckt1q9gry5zgxe6hguajz2mdstxuznrg4gj97elpymk4cnz52c,ckb1qyqrvat5wwep9dkc9nwpf3525fzlvlsjdm2slnv5te
ckt1q9gry5zgqqq6e3ch6epyaeh0mkzwp3d7lw8yf2yulvvjtk,ckb1qyqqqqdvcutavsjwumhamp8qckl0hrjy4zwqzlw9pc
ckt1q9gry5zgqqq6e3ch6epyaeh0mkzwp3d7lw8yf2yulvvjtk,ckb1qyqqqqdvcutavsjwumhamp8qckl0hrjy4zwqzlw9pc
ckt1q9gry5zgvkprd780vqhlspq8gq5j0engkvwaqj350nxwq8,ckb1qyqxtq3klrhkqtlcqsr5q2f8ue5tx8wsfg6qe3xqq6
ckt1q9gry5zgqqq6e3ch6epyaeh0mkzwp3d7lw8yf2yulvvjtk,ckb1qyqqqqdvcutavsjwumhamp8qckl0hrjy4zwqzlw9pc
ckt1q9gry5zgvkprd780vqhlspq8gq5j0engkvwaqj350nxwq8,ckb1qyqxtq3klrhkqtlcqsr5q2f8ue5tx8wsfg6qe3xqq6
ckt1q9gry5zgj5qxtpa9zx5gtwr9wuelzcf5skz9upjjrpp3kw,ckb1qyqf2qr9s7j3r2y9hpjhwvl3vy6gtpz7qefq6nt2wq
ckt1q9gry5zgvkprd780vqhlspq8gq5j0engkvwaqj350nxwq8,ckb1qyqxtq3klrhkqtlcqsr5q2f8ue5tx8wsfg6qe3xqq6
ckt1q9gry5zgj5qxtpa9zx5gtwr9wuelzcf5skz9upjjrpp3kw,ckb1qyqf2qr9s7j3r2y9hpjhwvl3vy6gtpz7qefq6nt2wq
ckt1q9gry5zgvkprd780vqhlspq8gq5j0engkvwaqj350nxwq8,ckb1qyqxtq3klrhkqtlcqsr5q2f8ue5tx8wsfg6qe3xqq6
ckt1q9gry5zgj5qxtpa9zx5gtwr9wuelzcf5skz9upjjrpp3kw,ckb1qyqf2qr9s7j3r2y9hpjhwvl3vy6gtpz7qefq6nt2wq
ckt1q9gry5zgj5qxtpa9zx5gtwr9wuelzcf5skz9upjjrpp3kw,ckb1qyqf2qr9s7j3r2y9hpjhwvl3vy6gtpz7qefq6nt2wq
ckt1q9gry5zgvkprd780vqhlspq8gq5j0engkvwaqj350nxwq8,ckb1qyqxtq3klrhkqtlcqsr5q2f8ue5tx8wsfg6qe3xqq6
ckt1q9gry5zgj5qxtpa9zx5gtwr9wuelzcf5skz9upjjrpp3kw,ckb1qyqf2qr9s7j3r2y9hpjhwvl3vy6gtpz7qefq6nt2wq
ckt1q9gry5zgxe6hguajz2mdstxuznrg4gj97elpymk4cnz52c,ckb1qyqrvat5wwep9dkc9nwpf3525fzlvlsjdm2slnv5te
ckt1q9gry5zgvkprd780vqhlspq8gq5j0engkvwaqj350nxwq8,ckb1qyqxtq3klrhkqtlcqsr5q2f8ue5tx8wsfg6qe3xqq6
ckt1q9gry5zgxe6hguajz2mdstxuznrg4gj97elpymk4cnz52c,ckb1qyqrvat5wwep9dkc9nwpf3525fzlvlsjdm2slnv5te
ckt1q9gry5zgvkprd780vqhlspq8gq5j0engkvwaqj350nxwq8,ckb1qyqxtq3klrhkqtlcqsr5q2f8ue5tx8wsfg6qe3xqq6
ckt1q9gry5zgj5qxtpa9zx5gtwr9wuelzcf5skz9upjjrpp3kw,ckb1qyqf2qr9s7j3r2y9hpjhwvl3vy6gtpz7qefq6nt2wq
ckt1q9gry5zgj5qxtpa9zx5gtwr9wuelzcf5skz9upjjrpp3kw,ckb1qyqf2qr9s7j3r2y9hpjhwvl3vy6gtpz7qefq6nt2wq
ckt1q9gry5zgxe6hguajz2mdstxuznrg4gj97elpymk4cnz52c,ckb1qyqrvat5wwep9dkc9nwpf3525fzlvlsjdm2slnv5te
ckt1q9gry5zgxe6hguajz2mdstxuznrg4gj97elpymk4cnz52c,ckb1qyqrvat5wwep9dkc9nwpf3525fzlvlsjdm2slnv5te
ckt1q9gry5zgvkprd780vqhlspq8gq5j0engkvwaqj350nxwq8,ckb1qyqxtq3klrhkqtlcqsr5q2f8ue5tx8wsfg6qe3xqq6
ckt1q9gry5zgj5qxtpa9zx5gtwr9wuelzcf5skz9upjjrpp3kw,ckb1qyqf2qr9s7j3r2y9hpjhwvl3vy6gtpz7qefq6nt2wq
ckt1q9gry5zgvkprd780vqhlspq8gq5j0engkvwaqj350nxwq8,ckb1qyqxtq3klrhkqtlcqsr5q2f8ue5tx8wsfg6qe3xqq6
ckt1q9gry5zgj5qxtpa9zx5gtwr9wuelzcf5skz9upjjrpp3kw,ckb1qyqf2qr9s7j3r2y9hpjhwvl3vy6gtpz7qefq6nt2wq
ckt1q9gry5zgj5qxtpa9zx5gtwr9wuelzcf5skz9upjjrpp3kw,ckb1qyqf2qr9s7j3r2y9hpjhwvl3vy6gtpz7qefq6nt2wq
ckt1q9gry5zgvkprd780vqhlspq8gq5j0engkvwaqj350nxwq8,ckb1qyqxtq3klrhkqtlcqsr5q2f8ue5tx8wsfg6qe3xqq6
ckt1q9gry5zgvkprd780vqhlspq8gq5j0engkvwaqj350nxwq8,ckb1qyqxtq3klrhkqtlcqsr5q2f8ue5tx8wsfg6qe3xqq6
ckt1q9gry5zgvkprd780vqhlspq8gq5j0engkvwaqj350nxwq8,ckb1qyqxtq3klrhkqtlcqsr5q2f8ue5tx8wsfg6qe3xqq6
ckt1q9gry5zgvkprd780vqhlspq8gq5j0engkvwaqj350nxwq8,ckb1qyqxtq3klrhkqtlcqsr5q2f8ue5tx8wsfg6qe3xqq6
ckt1q9gry5zgj5qxtpa9zx5gtwr9wuelzcf5skz9upjjrpp3kw,ckb1qyqf2qr9s7j3r2y9hpjhwvl3vy6gtpz7qefq6nt2wq
ckt1q9gry5zgvkprd780vqhlspq8gq5j0engkvwaqj350nxwq8,ckb1qyqxtq3klrhkqtlcqsr5q2f8ue5tx8wsfg6qe3xqq6
ckt1q9gry5zgj5qxtpa9zx5gtwr9wuelzcf5skz9upjjrpp3kw,ckb1qyqf2qr9s7j3r2y9hpjhwvl3vy6gtpz7qefq6nt2wq
ckt1q9gry5zgvkprd780vqhlspq8gq5j0engkvwaqj350nxwq8,ckb1qyqxtq3klrhkqtlcqsr5q2f8ue5tx8wsfg6qe3xqq6
ckt1q9gry5zgj5qxtpa9zx5gtwr9wuelzcf5skz9upjjrpp3kw,ckb1qyqf2qr9s7j3r2y9hpjhwvl3vy6gtpz7qefq6nt2wq
ckt1q9gry5zgvkprd780vqhlspq8gq5j0engkvwaqj350nxwq8,ckb1qyqxtq3klrhkqtlcqsr5q2f8ue5tx8wsfg6qe3xqq6
ckt1q9gry5zgj5qxtpa9zx5gtwr9wuelzcf5skz9upjjrpp3kw,ckb1qyqf2qr9s7j3r2y9hpjhwvl3vy6gtpz7qefq6nt2wq
ckt1q9gry5zgvkprd780vqhlspq8gq5j0engkvwaqj350nxwq8,ckb1qyqxtq3klrhkqtlcqsr5q2f8ue5tx8wsfg6qe3xqq6
ckt1q9gry5zgj5qxtpa9zx5gtwr9wuelzcf5skz9upjjrpp3kw,ckb1qyqf2qr9s7j3r2y9hpjhwvl3vy6gtpz7qefq6nt2wq
ckt1q9gry5zgvkprd780vqhlspq8gq5j0engkvwaqj350nxwq8,ckb1qyqxtq3klrhkqtlcqsr5q2f8ue5tx8wsfg6qe3xqq6
ckt1q9gry5zgj5qxtpa9zx5gtwr9wuelzcf5skz9upjjrpp3kw,ckb1qyqf2qr9s7j3r2y9hpjhwvl3vy6gtpz7qefq6nt2wq
ckt1q9gry5zgvkprd780vqhlspq8gq5j0engkvwaqj350nxwq8,ckb1qyqxtq3klrhkqtlcqsr5q2f8ue5tx8wsfg6qe3xqq6
ckt1q9gry5zgj5qxtpa9zx5gtwr9wuelzcf5skz9upjjrpp3kw,ckb1qyqf2qr9s7j3r2y9hpjhwvl3vy6gtpz7qefq6nt2wq
ckt1q9gry5zgvkprd780vqhlspq8gq5j0engkvwaqj350nxwq8,ckb1qyqxtq3klrhkqtlcqsr5q2f8ue5tx8wsfg6qe3xqq6
ckt1q9gry5zgj5qxtpa9zx5gtwr9wuelzcf5skz9upjjrpp3kw,ckb1qyqf2qr9s7j3r2y9hpjhwvl3vy6gtpz7qefq6nt2wq
ckt1q9gry5zgvkprd780vqhlspq8gq5j0engkvwaqj350nxwq8,ckb1qyqxtq3klrhkqtlcqsr5q2f8ue5tx8wsfg6qe3xqq6
ckt1q9gry5zgj5qxtpa9zx5gtwr9wuelzcf5skz9upjjrpp3kw,ckb1qyqf2qr9s7j3r2y9hpjhwvl3vy6gtpz7qefq6nt2wq
