ckt1qyq9gf7fslxj0tas0evm85jf4wd2q2n3jhus36e0yu,ckb1qyq9gf7fslxj0tas0evm85jf4wd2q2n3jhusvl8sgq
ckt1qyq9gf7fslxj0tas0evm85jf4wd2q2n3jhus36e0yu,ckb1qyq9gf7fslxj0tas0evm85jf4wd2q2n3jhusvl8sgq
ckt1qyq9gf7fslxj0tas0evm85jf4wd2q2n3jhus36e0yu,ckb1qyq9gf7fslxj0tas0evm85jf4wd2q2n3jhusvl8sgq
ckt1qyq9gf7fslxj0tas0evm85jf4wd2q2n3jhus36e0yu,ckb1qyq9gf7fslxj0tas0evm85jf4wd2q2n3jhusvl8sgq
ckt1qyqqqqdvcutavsjwumhamp8qckl0hrjy4zwql6s6dy,ckb1qyqqqqdvcutavsjwumhamp8qckl0hrjy4zwqzlw9pc
ckt1qyqqqqdvcutavsjwumhamp8qckl0hrjy4zwql6s6dy,ckb1qyqqqqdvcutavsjwumhamp8qckl0hrjy4zwqzlw9pc
ckt1qyqd0vgxmwsdykxl2zhnz20vvejg7zdvy3rsefr2v6,ckb1qyqd0vgxmwsdykxl2zhnz20vvejg7zdvy3rsyva4qx
ckt1qyqd0vgxmwsdykxl2zhnz20vvejg7zdvy3rsefr2v6,ckb1qyqd0vgxmwsdykxl2zhnz20vvejg7zdvy3rsyva4qx
ckt1qyqd0vgxmwsdykxl2zhnz20vvejg7zdvy3rsefr2v6,ckb1qyqd0vgxmwsdykxl2zhnz20vvejg7zdvy3rsyva4qx
ckt1qyqd0vgxmwsdykxl2zhnz20vvejg7zdvy3rsefr2v6,ckb1qyqd0vgxmwsdykxl2zhnz20vvejg7zdvy3rsyva4qx
ckt1qyqd0vgxmwsdykxl2zhnz20vvejg7zdvy3rsefr2v6,ckb1qyqd0vgxmwsdykxl2zhnz20vvejg7zdvy3rsyva4qx
ckt1qyqd0vgxmwsdykxl2zhnz20vvejg7zdvy3rsefr2v6,ckb1qyqd0vgxmwsdykxl2zhnz20vvejg7zdvy3rsyva4qx
ckt1qyqvxkmlf34rmuarvq2pctprt09sf2lnvk6sqw6jfz,ckb1qyqvxkmlf34rmuarvq2pctprt09sf2lnvk6satyd97
ckt1qyq052ezneq9nn8qkp5tnv0z5uekmplpg5xq9qu7pc,ckb1qyq052ezneq9nn8qkp5tnv0z5uekmplpg5xqc9zpdy
ckt1qyqd0vgxmwsdykxl2zhnz20vvejg7zdvy3rsefr2v6,ckb1qyqd0vgxmwsdykxl2zhnz20vvejg7zdvy3rsyva4qx
ckt1qyq052ezneq9nn8qkp5tnv0z5uekmplpg5xq9qu7pc,ckb1qyq052ezneq9nn8qkp5tnv0z5uekmplpg5xqc9zpdy
ckt1qyq9gf7fslxj0tas0evm85jf4wd2q2n3jhus36e0yu,ckb1qyq9gf7fslxj0tas0evm85jf4wd2q2n3jhusvl8sgq
ckt1qyq9gf7fslxj0tas0evm85jf4wd2q2n3jhus36e0yu,ckb1qyq9gf7fslxj0tas0evm85jf4wd2q2n3jhusvl8sgq
ckt1qyq9gf7fslxj0tas0evm85jf4wd2q2n3jhus36e0yu,ckb1qyq9gf7fslxj0tas0evm85jf4wd2q2n3jhusvl8sgq
ckt1qyqqqqdvcutavsjwumhamp8qckl0hrjy4zwql6s6dy,ckb1qyqqqqdvcutavsjwumhamp8qckl0hrjy4zwqzlw9pc
ckt1qyq9gf7fslxj0tas0evm85jf4wd2q2n3jhus36e0yu,ckb1qyq9gf7fslxj0tas0evm85jf4wd2q2n3jhusvl8sgq
ckt1qyq9gf7fslxj0tas0evm85jf4wd2q2n3jhus36e0yu,ckb1qyq9gf7fslxj0tas0evm85jf4wd2q2n3jhusvl8sgq
ckt1qyq9gf7fslxj0tas0evm85jf4wd2q2n3jhus36e0yu,ckb1qyq9gf7fslxj0tas0evm85jf4wd2q2n3jhusvl8sgq
ckt1qyq9gf7fslxj0tas0evm85jf4wd2q2n3jhus36e0yu,ckb1qyq9gf7fslxj0tas0evm85jf4wd2q2n3jhusvl8sgq
ckt1qyqd0vgxmwsdykxl2zhnz20vvejg7zdvy3rsefr2v6,ckb1qyqd0vgxmwsdykxl2zhnz20vvejg7zdvy3rsyva4qx
ckt1qyq9gf7fslxj0tas0evm85jf4wd2q2n3jhus36e0yu,ckb1qyq9gf7fslxj0tas0evm85jf4wd2q2n3jhusvl8sgq
ckt1qyq9gf7fslxj0tas0evm85jf4wd2q2n3jhus36e0yu,ckb1qyq9gf7fslxj0tas0evm85jf4wd2q2n3jhusvl8sgq
ckt1qyq9gf7fslxj0tas0evm85jf4wd2q2n3jhus36e0yu,ckb1qyq9gf7fslxj0tas0evm85jf4wd2q2n3jhusvl8sgq
ckt1qyq9gf7fslxj0tas0evm85jf4wd2q2n3jhus36e0yu,ckb1qyq9gf7fslxj0tas0evm85jf4wd2q2n3jhusvl8sgq
ckt1qyqd0vgxmwsdykxl2zhnz20vvejg7zdvy3rsefr2v6,ckb1qyqd0vgxmwsdykxl2zhnz20vvejg7zdvy3rsyva4qx
ckt1qyq9gf7fslxj0tas0evm85jf4wd2q2n3jhus36e0yu,ckb1qyq9gf7fslxj0tas0evm85jf4wd2q2n3jhusvl8sgq
ckt1qyqd0vgxmwsdykxl2zhnz20vvejg7zdvy3rsefr2v6,ckb1qyqd0vgxmwsdykxl2zhnz20vvejg7zdvy3rsyva4qx
ckt1qyqd0vgxmwsdykxl2zhnz20vvejg7zdvy3rsefr2v6,ckb1qyqd0vgxmwsdykxl2zhnz20vvejg7zdvy3rsyva4qx
ckt1qyq9gf7fslxj0tas0evm85jf4wd2q2n3jhus36e0yu,ckb1qyq9gf7fslxj0tas0evm85jf4wd2q2n3jhusvl8sgq
ckt1qyqd0vgxmwsdykxl2zhnz20vvejg7zdvy3rsefr2v6,ckb1qyqd0vgxmwsdykxl2zhnz20vvejg7zdvy3rsyva4qx
ckt1qyqd0vgxmwsdykxl2zhnz20vvejg7zdvy3rsefr2v6,ckb1qyqd0vgxmwsdykxl2zhnz20vvejg7zdvy3rsyva4qx
ckt1qyq9gf7fslxj0tas0evm85jf4wd2q2n3jhus36e0yu,ckb1qyq9gf7fslxj0tas0evm85jf4wd2q2n3jhusvl8sgq
ckt1qyqd0vgxmwsdykxl2zhnz20vvejg7zdvy3rsefr2v6,ckb1qyqd0vgxmwsdykxl2zhnz20vvejg7zdvy3rsyva4qx
ckt1qyq9gf7fslxj0tas0evm85jf4wd2q2n3jhus36e0yu,ckb1qyq9gf7fslxj0tas0evm85jf4wd2q2n3jhusvl8sgq
ckt1qyq9gf7fslxj0tas0evm85jf4wd2q2n3jhus36e0yu,ckb1qyq9gf7fslxj0tas0evm85jf4wd2q2n3jhusvl8sgq
ckt1qyqd0vgxmwsdykxl2zhnz20vvejg7zdvy3rsefr2v6,ckb1qyqd0vgxmwsdykxl2zhnz20vvejg7zdvy3rsyva4qx
ckt1qyqd0vgxmwsdykxl2zhnz20vvejg7zdvy3rsefr2v6,ckb1qyqd0vgxmwsdykxl2zhnz20vvejg7zdvy3rsyva4qx
ckt1qyqd0vgxmwsdykxl2zhnz20vvejg7zdvy3rsefr2v6,ckb1qyqd0vgxmwsdykxl2zhnz20vvejg7zdvy3rsyva4qx
ckt1qyqd0vgxmwsdykxl2zhnz20vvejg7zdvy3rsefr2v6,ckb1qyqd0vgxmwsdykxl2zhnz20vvejg7zdvy3rsyva4qx
ckt1qyq9gf7fslxj0tas0evm85jf4wd2q2n3jhus36e0yu,ckb1qyq9gf7fslxj0tas0evm85jf4wd2q2n3jhusvl8sgq
ckt1qyq9gf7fslxj0tas0evm85jf4wd2q2n3jhus36e0yu,ckb1qyq9gf7fslxj0tas0evm85jf4wd2q2n3jhusvl8sgq
ckt1qyqd0vgxmwsdykxl2zhnz20vvejg7zdvy3rsefr2v6,ckb1qyqd0vgxmwsdykxl2zhnz20vvejg7zdvy3rsyva4qx
ckt1qyq9gf7fslxj0tas0evm85jf4wd2q2n3jhus36e0yu,ckb1qyq9gf7fslxj0tas0evm85jf4wd2q2n3jhusvl8sgq
ckt1qyqd0vgxmwsdykxl2zhnz20vvejg7zdvy3rsefr2v6,ckb1qyqd0vgxmwsdykxl2zhnz20vvejg7zdvy3rsyva4qx
ckt1qyq9gf7fslxj0tas0evm85jf4wd2q2n3jhus36e0yu,ckb1qyq9gf7fslxj0tas0evm85jf4wd2q2n3jhusvl8sgq
ckt1qyqd0vgxmwsdykxl2zhnz20vvejg7zdvy3rsefr2v6,ckb1qyqd0vgxmwsdykxl2zhnz20vvejg7zdvy3rsyva4qx
ckt1qyq9gf7fslxj0tas0evm85jf4wd2q2n3jhus36e0yu,ckb1qyq9gf7fslxj0tas0evm85jf4wd2q2n3jhusvl8sgq
ckt1qyqd0vgxmwsdykxl2zhnz20vvejg7zdvy3rsefr2v6,ckb1qyqd0vgxmwsdykxl2zhnz20vvejg7zdvy3rsyva4qx
ckt1qyq9gf7fslxj0tas0evm85jf4wd2q2n3jhus36e0yu,ckb1qyq9gf7fslxj0tas0evm85jf4wd2q2n3jhusvl8sgq
ckt1qyqd0vgxmwsdykxl2zhnz20vvejg7zdvy3rsefr2v6,ckb1qyqd0vgxmwsdykxl2zhnz20vvejg7zdvy3rsyva4qx
ckt1qyq9gf7fslxj0tas0evm85jf4wd2q2n3jhus36e0yu,ckb1qyq9gf7fslxj0tas0evm85jf4wd2q2n3jhusvl8sgq
ckt1qyqd0vgxmwsdykxl2zhnz20vvejg7zdvy3rsefr2v6,ckb1qyqd0vgxmwsdykxl2zhnz20vvejg7zdvy3rsyva4qx
ckt1qyqd0vgxmwsdykxl2zhnz20vvejg7zdvy3rsefr2v6,ckb1qyqd0vgxmwsdykxl2zhnz20vvejg7zdvy3rsyva4qx
ckt1qyqd0vgxmwsdykxl2zhnz20vvejg7zdvy3rsefr2v6,ckb1qyqd0vgxmwsdykxl2zhnz20vvejg7zdvy3rsyva4qx
ckt1qyqd0vgxmwsdykxl2zhnz20vvejg7zdvy3rsefr2v6,ckb1qyqd0vgxmwsdykxl2zhnz20vvejg7zdvy3rsyva4qx
ckt1qyq9gf7fslxj0tas0evm85jf4wd2q2n3jhus36e0yu,ckb1qyq9gf7fslxj0tas0evm85jf4wd2q2n3jhusvl8sgq
ckt1qyq9gf7fslxj0tas0evm85jf4wd2q2n3jhus36e0yu,ckb1qyq9gf7fslxj0tas0evm85jf4wd2q2n3jhusvl8sgq
ckt1qyq9gf7fslxj0tas0evm85jf4wd2q2n3jhus36e0yu,ckb1qyq9gf7fslxj0tas0evm85jf4wd2q2n3jhusvl8sgq
ckt1qyq9gf7fslxj0tas0evm85jf4wd2q2n3jhus36e0yu,ckb1qyq9gf7fslxj0tas0evm85jf4wd2q2n3jhusvl8sgq
ckt1qyqd0vgxmwsdykxl2zhnz20vvejg7zdvy3rsefr2v6,ckb1qyqd0vgxmwsdykxl2zhnz20vvejg7zdvy3rsyva4qx
ckt1qyq9gf7fslxj0tas0evm85jf4wd2q2n3jhus36e0yu,ckb1qyq9gf7fslxj0tas0evm85jf4wd2q2n3jhusvl8sgq
ckt1qyqd0vgxmwsdykxl2zhnz20vvejg7zdvy3rsefr2v6,ckb1qyqd0vgxmwsdykxl2zhnz20vvejg7zdvy3rsyva4qx
ckt1qyq9gf7fslxj0tas0evm85jf4wd2q2n3jhus36e0yu,ckb1qyq9gf7fslxj0tas0evm85jf4wd2q2n3jhusvl8sgq
ckt1qyqd0vgxmwsdykxl2zhnz20vvejg7zdvy3rsefr2v6,ckb1qyqd0vgxmwsdykxl2zhnz20vvejg7zdvy3rsyva4qx
ckt1qyq9gf7fslxj0tas0evm85jf4wd2q2n3jhus36e0yu,ckb1qyq9gf7fslxj0tas0evm85jf4wd2q2n3jhusvl8sgq
ckt1qyqd0vgxmwsdykxl2zhnz20vvejg7zdvy3rsefr2v6,ckb1qyqd0vgxmwsdykxl2zhnz20vvejg7zdvy3rsyva4qx
ckt1qyq9gf7fslxj0tas0evm85jf4wd2q2n3jhus36e0yu,ckb1qyq9gf7fslxj0tas0evm85jf4wd2q2n3jhusvl8sgq
ckt1qyqd0vgxmwsdykxl2zhnz20vvejg7zdvy3rsefr2v6,ckb1qyqd0vgxmwsdykxl2zhnz20vvejg7zdvy3rsyva4qx
ckt1qyq9gf7fslxj0tas0evm85jf4wd2q2n3jhus36e0yu,ckb1qyq9gf7fslxj0tas0evm85jf4wd2q2n3jhusvl8sgq
ckt1qyqd0vgxmwsdykxl2zhnz20vvejg7zdvy3rsefr2v6,ckb1qyqd0vgxmwsdykxl2zhnz20vvejg7zdvy3rsyva4qx
ckt1qyqqqqdvcutavsjwumhamp8qckl0hrjy4zwql6s6dy,ckb1qyqqqqdvcutavsjwumhamp8qckl0hrjy4zwqzlw9pc
ckt1qyqqqqdvcutavsjwumhamp8qckl0hrjy4zwql6s6dy,ckb1qyqqqqdvcutavsjwumhamp8qckl0hrjy4zwqzlw9pc
ckt1qyq9gf7fslxj0tas0evm85jf4wd2q2n3jhus36e0yu,ckb1qyq9gf7fslxj0tas0evm85jf4wd2q2n3jhusvl8sgq
ckt1qyqd0vgxmwsdykxl2zhnz20vvejg7zdvy3rsefr2v6,ckb1qyqd0vgxmwsdykxl2zhnz20vvejg7zdvy3rsyva4qx
ckt1qyqqqqdvcutavsjwumhamp8qckl0hrjy4zwql6s6dy,ckb1qyqqqqdvcutavsjwumhamp8qckl0hrjy4zwqzlw9pc
ckt1qyq052ezneq9nn8qkp5tnv0z5uekmplpg5xq9qu7pc,ckb1qyq052ezneq9nn8qkp5tnv0z5uekmplpg5xqc9zpdy
ckt1qyq99qnkfjx0sem3fztfwk9ps0yumn0jqlwsqknwwy,ckb1qyq99qnkfjx0sem3fztfwk9ps0yumn0jqlwsand3zc
ckt1qyq052ezneq9nn8qkp5tnv0z5uekmplpg5xq9qu7pc,ckb1qyq052ezneq9nn8qkp5tnv0z5uekmplpg5xqc9zpdy
ckt1qyq052ezneq9nn8qkp5tnv0z5uekmplpg5xq9qu7pc,ckb1qyq052ezneq9nn8qkp5tnv0z5uekmplpg5xqc9zpdy
ckt1qyqdm8h0m375p9x9zakyl55hrdfjeyuq98fqfenma5,ckb1qyqdm8h0m375p9x9zakyl55hrdfjeyuq98fq5udy3g
ckt1qyq99qnkfjx0sem3fztfwk9ps0yumn0jqlwsqknwwy,ckb1qyq99qnkfjx0sem3fztfwk9ps0yumn0jqlwsand3zc
ckt1qyq052ezneq9nn8qkp5tnv0z5uekmplpg5xq9qu7pc,ckb1qyq052ezneq9nn8qkp5tnv0z5uekmplpg5xqc9zpdy
